Htno,Subcode,Subname,Grade,Credits
20L31A5401,1000201205,Statistics for Data Science-I,O,3
20L31A5401,1005201201,Computer Organization,C,3
20L31A5401,1005201202,Web Design,B,3
20L31A5401,1005201203,Data Structures,B,3
20L31A5401,1005201211,Web Design Lab,O,1.5
20L31A5401,1005201212,Data Structures Lab,C,1.5
20L31A5401,1000201213,Physics of Materials Lab,A,1.5
20L31A5401,1000201214,R Programming for Data Science Lab,A,1.5
20L31A5401,1000201121,Constitution of India,CP,-
20L31A5402,1000201205,Statistics for Data Science-I,A,3
20L31A5402,1005201201,Computer Organization,O,3
20L31A5402,1005201202,Web Design,C,3
20L31A5402,1005201203,Data Structures,B,3
20L31A5402,1005201211,Web Design Lab,A,1.5
20L31A5402,1005201212,Data Structures Lab,B,1.5
20L31A5402,1000201213,Physics of Materials Lab,O,1.5
20L31A5402,1000201214,R Programming for Data Science Lab,O,1.5
20L31A5402,1000201121,Constitution of India,CP,-
20L31A5403,1000201205,Statistics for Data Science-I,C,3
20L31A5403,1005201201,Computer Organization,C,3
20L31A5403,1005201202,Web Design,C,3
20L31A5403,1005201203,Data Structures,C,3
20L31A5403,1005201211,Web Design Lab,A,1.5
20L31A5403,1005201212,Data Structures Lab,B,1.5
20L31A5403,1000201213,Physics of Materials Lab,A,1.5
20L31A5403,1000201214,R Programming for Data Science Lab,O,1.5
20L31A5403,1000201121,Constitution of India,CP,-
20L31A5404,1000201205,Statistics for Data Science-I,O,3
20L31A5404,1005201201,Computer Organization,A,3
20L31A5404,1005201202,Web Design,B,3
20L31A5404,1005201203,Data Structures,A,3
20L31A5404,1005201211,Web Design Lab,O,1.5
20L31A5404,1005201212,Data Structures Lab,A,1.5
20L31A5404,1000201213,Physics of Materials Lab,O,1.5
20L31A5404,1000201214,R Programming for Data Science Lab,O,1.5
20L31A5404,1000201121,Constitution of India,CP,-
20L31A5405,1000201205,Statistics for Data Science-I,B,3
20L31A5405,1005201201,Computer Organization,C,3
20L31A5405,1005201202,Web Design,C,3
20L31A5405,1005201203,Data Structures,D,3
20L31A5405,1005201211,Web Design Lab,A,1.5
20L31A5405,1005201212,Data Structures Lab,C,1.5
20L31A5405,1000201213,Physics of Materials Lab,A,1.5
20L31A5405,1000201214,R Programming for Data Science Lab,A,1.5
20L31A5405,1000201121,Constitution of India,CP,-
Htno,Subcode,Subname,Grade,Credits
20L31A5406,1000201205,Statistics for Data Science-I,C,3
20L31A5406,1005201201,Computer Organization,D,3
20L31A5406,1005201202,Web Design,D,3
20L31A5406,1005201203,Data Structures,D,3
20L31A5406,1005201211,Web Design Lab,A,1.5
20L31A5406,1005201212,Data Structures Lab,C,1.5
20L31A5406,1000201213,Physics of Materials Lab,O,1.5
20L31A5406,1000201214,R Programming for Data Science Lab,O,1.5
20L31A5406,1000201121,Constitution of India,CP,-
20L31A5407,1000201205,Statistics for Data Science-I,D,3
20L31A5407,1005201201,Computer Organization,D,3
20L31A5407,1005201202,Web Design,D,3
20L31A5407,1005201203,Data Structures,C,3
20L31A5407,1005201211,Web Design Lab,A,1.5
20L31A5407,1005201212,Data Structures Lab,C,1.5
20L31A5407,1000201213,Physics of Materials Lab,O,1.5
20L31A5407,1000201214,R Programming for Data Science Lab,A,1.5
20L31A5407,1000201121,Constitution of India,CP,-
20L31A5408,1000201205,Statistics for Data Science-I,D,3
20L31A5408,1005201201,Computer Organization,D,3
20L31A5408,1005201202,Web Design,D,3
20L31A5408,1005201203,Data Structures,D,3
20L31A5408,1005201211,Web Design Lab,A,1.5
20L31A5408,1005201212,Data Structures Lab,C,1.5
20L31A5408,1000201213,Physics of Materials Lab,O,1.5
20L31A5408,1000201214,R Programming for Data Science Lab,O,1.5
20L31A5408,1000201121,Constitution of India,CP,-
20L31A5409,1000201205,Statistics for Data Science-I,O,3
20L31A5409,1005201201,Computer Organization,B,3
20L31A5409,1005201202,Web Design,D,3
20L31A5409,1005201203,Data Structures,B,3
20L31A5409,1005201211,Web Design Lab,O,1.5
20L31A5409,1005201212,Data Structures Lab,A,1.5
20L31A5409,1000201213,Physics of Materials Lab,O,1.5
20L31A5409,1000201214,R Programming for Data Science Lab,O,1.5
20L31A5409,1000201121,Constitution of India,CP,-
20L31A5411,1000201205,Statistics for Data Science-I,A,3
20L31A5411,1005201201,Computer Organization,B,3
20L31A5411,1005201202,Web Design,B,3
20L31A5411,1005201203,Data Structures,B,3
20L31A5411,1005201211,Web Design Lab,A,1.5
20L31A5411,1005201212,Data Structures Lab,C,1.5
20L31A5411,1000201213,Physics of Materials Lab,O,1.5
20L31A5411,1000201214,R Programming for Data Science Lab,O,1.5
20L31A5411,1000201121,Constitution of India,CP,-
20L31A5412,1000201205,Statistics for Data Science-I,D,3
20L31A5412,1005201201,Computer Organization,D,3
20L31A5412,1005201202,Web Design,F,0
20L31A5412,1005201203,Data Structures,D,3
20L31A5412,1005201211,Web Design Lab,A,1.5
20L31A5412,1005201212,Data Structures Lab,C,1.5
Htno,Subcode,Subname,Grade,Credits
20L31A5412,1000201213,Physics of Materials Lab,O,1.5
20L31A5412,1000201214,R Programming for Data Science Lab,A,1.5
20L31A5412,1000201121,Constitution of India,CP,-
20L31A5413,1000201205,Statistics for Data Science-I,A,3
20L31A5413,1005201201,Computer Organization,B,3
20L31A5413,1005201202,Web Design,B,3
20L31A5413,1005201203,Data Structures,A,3
20L31A5413,1005201211,Web Design Lab,O,1.5
20L31A5413,1005201212,Data Structures Lab,A,1.5
20L31A5413,1000201213,Physics of Materials Lab,O,1.5
20L31A5413,1000201214,R Programming for Data Science Lab,O,1.5
20L31A5413,1000201121,Constitution of India,CP,-
20L31A5414,1000201205,Statistics for Data Science-I,O,3
20L31A5414,1005201201,Computer Organization,O,3
20L31A5414,1005201202,Web Design,B,3
20L31A5414,1005201203,Data Structures,A,3
20L31A5414,1005201211,Web Design Lab,A,1.5
20L31A5414,1005201212,Data Structures Lab,O,1.5
20L31A5414,1000201213,Physics of Materials Lab,O,1.5
20L31A5414,1000201214,R Programming for Data Science Lab,A,1.5
20L31A5414,1000201121,Constitution of India,CP,-
20L31A5415,1000201205,Statistics for Data Science-I,C,3
20L31A5415,1005201201,Computer Organization,O,3
20L31A5415,1005201202,Web Design,C,3
20L31A5415,1005201203,Data Structures,C,3
20L31A5415,1005201211,Web Design Lab,O,1.5
20L31A5415,1005201212,Data Structures Lab,A,1.5
20L31A5415,1000201213,Physics of Materials Lab,O,1.5
20L31A5415,1000201214,R Programming for Data Science Lab,A,1.5
20L31A5415,1000201121,Constitution of India,CP,-
20L31A5416,1000201205,Statistics for Data Science-I,B,3
20L31A5416,1005201201,Computer Organization,A,3
20L31A5416,1005201202,Web Design,C,3
20L31A5416,1005201203,Data Structures,B,3
20L31A5416,1005201211,Web Design Lab,A,1.5
20L31A5416,1005201212,Data Structures Lab,B,1.5
20L31A5416,1000201213,Physics of Materials Lab,A,1.5
20L31A5416,1000201214,R Programming for Data Science Lab,A,1.5
20L31A5416,1000201121,Constitution of India,CP,-
20L31A5417,1000201205,Statistics for Data Science-I,F,0
20L31A5417,1005201201,Computer Organization,D,3
20L31A5417,1005201202,Web Design,D,3
20L31A5417,1005201203,Data Structures,D,3
20L31A5417,1005201211,Web Design Lab,A,1.5
20L31A5417,1005201212,Data Structures Lab,C,1.5
20L31A5417,1000201213,Physics of Materials Lab,A,1.5
20L31A5417,1000201214,R Programming for Data Science Lab,A,1.5
20L31A5417,1000201121,Constitution of India,CP,-
20L31A5418,1000201205,Statistics for Data Science-I,O,3
20L31A5418,1005201201,Computer Organization,O,3
20L31A5418,1005201202,Web Design,B,3
Htno,Subcode,Subname,Grade,Credits
20L31A5418,1005201203,Data Structures,A,3
20L31A5418,1005201211,Web Design Lab,O,1.5
20L31A5418,1005201212,Data Structures Lab,A,1.5
20L31A5418,1000201213,Physics of Materials Lab,O,1.5
20L31A5418,1000201214,R Programming for Data Science Lab,A,1.5
20L31A5418,1000201121,Constitution of India,CP,-
20L31A5419,1000201205,Statistics for Data Science-I,A,3
20L31A5419,1005201201,Computer Organization,B,3
20L31A5419,1005201202,Web Design,C,3
20L31A5419,1005201203,Data Structures,B,3
20L31A5419,1005201211,Web Design Lab,O,1.5
20L31A5419,1005201212,Data Structures Lab,B,1.5
20L31A5419,1000201213,Physics of Materials Lab,O,1.5
20L31A5419,1000201214,R Programming for Data Science Lab,A,1.5
20L31A5419,1000201121,Constitution of India,CP,-
20L31A5420,1000201205,Statistics for Data Science-I,A,3
20L31A5420,1005201201,Computer Organization,F,0
20L31A5420,1005201202,Web Design,C,3
20L31A5420,1005201203,Data Structures,C,3
20L31A5420,1005201211,Web Design Lab,O,1.5
20L31A5420,1005201212,Data Structures Lab,B,1.5
20L31A5420,1000201213,Physics of Materials Lab,A,1.5
20L31A5420,1000201214,R Programming for Data Science Lab,O,1.5
20L31A5420,1000201121,Constitution of India,CP,-
20L31A5421,1000201205,Statistics for Data Science-I,F,0
20L31A5421,1005201201,Computer Organization,F,0
20L31A5421,1005201202,Web Design,D,3
20L31A5421,1005201203,Data Structures,F,0
20L31A5421,1005201211,Web Design Lab,A,1.5
20L31A5421,1005201212,Data Structures Lab,B,1.5
20L31A5421,1000201213,Physics of Materials Lab,A,1.5
20L31A5421,1000201214,R Programming for Data Science Lab,A,1.5
20L31A5421,1000201121,Constitution of India,CP,-
20L31A5422,1000201205,Statistics for Data Science-I,F,0
20L31A5422,1005201201,Computer Organization,F,0
20L31A5422,1005201202,Web Design,D,3
20L31A5422,1005201203,Data Structures,D,3
20L31A5422,1005201211,Web Design Lab,O,1.5
20L31A5422,1005201212,Data Structures Lab,B,1.5
20L31A5422,1000201213,Physics of Materials Lab,A,1.5
20L31A5422,1000201214,R Programming for Data Science Lab,A,1.5
20L31A5422,1000201121,Constitution of India,CP,-
20L31A5423,1000201205,Statistics for Data Science-I,A,3
20L31A5423,1005201201,Computer Organization,A,3
20L31A5423,1005201202,Web Design,C,3
20L31A5423,1005201203,Data Structures,B,3
20L31A5423,1005201211,Web Design Lab,A,1.5
20L31A5423,1005201212,Data Structures Lab,B,1.5
20L31A5423,1000201213,Physics of Materials Lab,A,1.5
20L31A5423,1000201214,R Programming for Data Science Lab,A,1.5
20L31A5423,1000201121,Constitution of India,CP,-
Htno,Subcode,Subname,Grade,Credits
20L31A5424,1000201205,Statistics for Data Science-I,A,3
20L31A5424,1005201201,Computer Organization,D,3
20L31A5424,1005201202,Web Design,C,3
20L31A5424,1005201203,Data Structures,C,3
20L31A5424,1005201211,Web Design Lab,A,1.5
20L31A5424,1005201212,Data Structures Lab,C,1.5
20L31A5424,1000201213,Physics of Materials Lab,O,1.5
20L31A5424,1000201214,R Programming for Data Science Lab,O,1.5
20L31A5424,1000201121,Constitution of India,CP,-
20L31A5425,1000201205,Statistics for Data Science-I,O,3
20L31A5425,1005201201,Computer Organization,B,3
20L31A5425,1005201202,Web Design,C,3
20L31A5425,1005201203,Data Structures,C,3
20L31A5425,1005201211,Web Design Lab,O,1.5
20L31A5425,1005201212,Data Structures Lab,B,1.5
20L31A5425,1000201213,Physics of Materials Lab,O,1.5
20L31A5425,1000201214,R Programming for Data Science Lab,A,1.5
20L31A5425,1000201121,Constitution of India,CP,-
20L31A5426,1000201205,Statistics for Data Science-I,O,3
20L31A5426,1005201201,Computer Organization,A,3
20L31A5426,1005201202,Web Design,B,3
20L31A5426,1005201203,Data Structures,A,3
20L31A5426,1005201211,Web Design Lab,O,1.5
20L31A5426,1005201212,Data Structures Lab,O,1.5
20L31A5426,1000201213,Physics of Materials Lab,O,1.5
20L31A5426,1000201214,R Programming for Data Science Lab,O,1.5
20L31A5426,1000201121,Constitution of India,CP,-
20L31A5427,1000201205,Statistics for Data Science-I,C,3
20L31A5427,1005201201,Computer Organization,A,3
20L31A5427,1005201202,Web Design,B,3
20L31A5427,1005201203,Data Structures,B,3
20L31A5427,1005201211,Web Design Lab,A,1.5
20L31A5427,1005201212,Data Structures Lab,O,1.5
20L31A5427,1000201213,Physics of Materials Lab,O,1.5
20L31A5427,1000201214,R Programming for Data Science Lab,A,1.5
20L31A5427,1000201121,Constitution of India,CP,-
20L31A5428,1000201205,Statistics for Data Science-I,O,3
20L31A5428,1005201201,Computer Organization,A,3
20L31A5428,1005201202,Web Design,C,3
20L31A5428,1005201203,Data Structures,B,3
20L31A5428,1005201211,Web Design Lab,O,1.5
20L31A5428,1005201212,Data Structures Lab,B,1.5
20L31A5428,1000201213,Physics of Materials Lab,O,1.5
20L31A5428,1000201214,R Programming for Data Science Lab,A,1.5
20L31A5428,1000201121,Constitution of India,CP,-
20L31A5429,1000201205,Statistics for Data Science-I,B,3
20L31A5429,1005201201,Computer Organization,D,3
20L31A5429,1005201202,Web Design,C,3
20L31A5429,1005201203,Data Structures,C,3
20L31A5429,1005201211,Web Design Lab,O,1.5
20L31A5429,1005201212,Data Structures Lab,B,1.5
Htno,Subcode,Subname,Grade,Credits
20L31A5429,1000201213,Physics of Materials Lab,O,1.5
20L31A5429,1000201214,R Programming for Data Science Lab,A,1.5
20L31A5429,1000201121,Constitution of India,CP,-
20L31A5430,1000201205,Statistics for Data Science-I,C,3
20L31A5430,1005201201,Computer Organization,C,3
20L31A5430,1005201202,Web Design,C,3
20L31A5430,1005201203,Data Structures,C,3
20L31A5430,1005201211,Web Design Lab,O,1.5
20L31A5430,1005201212,Data Structures Lab,A,1.5
20L31A5430,1000201213,Physics of Materials Lab,O,1.5
20L31A5430,1000201214,R Programming for Data Science Lab,A,1.5
20L31A5430,1000201121,Constitution of India,CP,-
20L31A5431,1000201205,Statistics for Data Science-I,O,3
20L31A5431,1005201201,Computer Organization,A,3
20L31A5431,1005201202,Web Design,C,3
20L31A5431,1005201203,Data Structures,B,3
20L31A5431,1005201211,Web Design Lab,O,1.5
20L31A5431,1005201212,Data Structures Lab,A,1.5
20L31A5431,1000201213,Physics of Materials Lab,O,1.5
20L31A5431,1000201214,R Programming for Data Science Lab,A,1.5
20L31A5431,1000201121,Constitution of India,CP,-
20L31A5432,1000201205,Statistics for Data Science-I,B,3
20L31A5432,1005201201,Computer Organization,C,3
20L31A5432,1005201202,Web Design,C,3
20L31A5432,1005201203,Data Structures,B,3
20L31A5432,1005201211,Web Design Lab,A,1.5
20L31A5432,1005201212,Data Structures Lab,O,1.5
20L31A5432,1000201213,Physics of Materials Lab,O,1.5
20L31A5432,1000201214,R Programming for Data Science Lab,O,1.5
20L31A5432,1000201121,Constitution of India,CP,-
20L31A5433,1000201205,Statistics for Data Science-I,B,3
20L31A5433,1005201201,Computer Organization,D,3
20L31A5433,1005201202,Web Design,D,3
20L31A5433,1005201203,Data Structures,D,3
20L31A5433,1005201211,Web Design Lab,A,1.5
20L31A5433,1005201212,Data Structures Lab,B,1.5
20L31A5433,1000201213,Physics of Materials Lab,O,1.5
20L31A5433,1000201214,R Programming for Data Science Lab,A,1.5
20L31A5433,1000201121,Constitution of India,CP,-
20L31A5434,1000201205,Statistics for Data Science-I,A,3
20L31A5434,1005201201,Computer Organization,B,3
20L31A5434,1005201202,Web Design,B,3
20L31A5434,1005201203,Data Structures,B,3
20L31A5434,1005201211,Web Design Lab,O,1.5
20L31A5434,1005201212,Data Structures Lab,A,1.5
20L31A5434,1000201213,Physics of Materials Lab,O,1.5
20L31A5434,1000201214,R Programming for Data Science Lab,A,1.5
20L31A5434,1000201121,Constitution of India,CP,-
20L31A5435,1000201205,Statistics for Data Science-I,O,3
20L31A5435,1005201201,Computer Organization,A,3
20L31A5435,1005201202,Web Design,C,3
Htno,Subcode,Subname,Grade,Credits
20L31A5435,1005201203,Data Structures,B,3
20L31A5435,1005201211,Web Design Lab,O,1.5
20L31A5435,1005201212,Data Structures Lab,A,1.5
20L31A5435,1000201213,Physics of Materials Lab,O,1.5
20L31A5435,1000201214,R Programming for Data Science Lab,O,1.5
20L31A5435,1000201121,Constitution of India,CP,-
20L31A5436,1000201205,Statistics for Data Science-I,B,3
20L31A5436,1005201201,Computer Organization,B,3
20L31A5436,1005201202,Web Design,C,3
20L31A5436,1005201203,Data Structures,B,3
20L31A5436,1005201211,Web Design Lab,O,1.5
20L31A5436,1005201212,Data Structures Lab,B,1.5
20L31A5436,1000201213,Physics of Materials Lab,O,1.5
20L31A5436,1000201214,R Programming for Data Science Lab,A,1.5
20L31A5436,1000201121,Constitution of India,CP,-
20L31A5437,1000201205,Statistics for Data Science-I,B,3
20L31A5437,1005201201,Computer Organization,C,3
20L31A5437,1005201202,Web Design,C,3
20L31A5437,1005201203,Data Structures,C,3
20L31A5437,1005201211,Web Design Lab,O,1.5
20L31A5437,1005201212,Data Structures Lab,B,1.5
20L31A5437,1000201213,Physics of Materials Lab,O,1.5
20L31A5437,1000201214,R Programming for Data Science Lab,A,1.5
20L31A5437,1000201121,Constitution of India,CP,-
20L31A5438,1000201205,Statistics for Data Science-I,B,3
20L31A5438,1005201201,Computer Organization,B,3
20L31A5438,1005201202,Web Design,B,3
20L31A5438,1005201203,Data Structures,A,3
20L31A5438,1005201211,Web Design Lab,O,1.5
20L31A5438,1005201212,Data Structures Lab,O,1.5
20L31A5438,1000201213,Physics of Materials Lab,O,1.5
20L31A5438,1000201214,R Programming for Data Science Lab,A,1.5
20L31A5438,1000201121,Constitution of India,CP,-
20L31A5439,1000201205,Statistics for Data Science-I,O,3
20L31A5439,1005201201,Computer Organization,A,3
20L31A5439,1005201202,Web Design,C,3
20L31A5439,1005201203,Data Structures,B,3
20L31A5439,1005201211,Web Design Lab,O,1.5
20L31A5439,1005201212,Data Structures Lab,B,1.5
20L31A5439,1000201213,Physics of Materials Lab,A,1.5
20L31A5439,1000201214,R Programming for Data Science Lab,O,1.5
20L31A5439,1000201121,Constitution of India,CP,-
20L31A5440,1000201205,Statistics for Data Science-I,B,3
20L31A5440,1005201201,Computer Organization,D,3
20L31A5440,1005201202,Web Design,C,3
20L31A5440,1005201203,Data Structures,D,3
20L31A5440,1005201211,Web Design Lab,O,1.5
20L31A5440,1005201212,Data Structures Lab,B,1.5
20L31A5440,1000201213,Physics of Materials Lab,O,1.5
20L31A5440,1000201214,R Programming for Data Science Lab,A,1.5
20L31A5440,1000201121,Constitution of India,CP,-
Htno,Subcode,Subname,Grade,Credits
20L31A5441,1000201205,Statistics for Data Science-I,B,3
20L31A5441,1005201201,Computer Organization,F,0
20L31A5441,1005201202,Web Design,D,3
20L31A5441,1005201203,Data Structures,D,3
20L31A5441,1005201211,Web Design Lab,O,1.5
20L31A5441,1005201212,Data Structures Lab,C,1.5
20L31A5441,1000201213,Physics of Materials Lab,O,1.5
20L31A5441,1000201214,R Programming for Data Science Lab,O,1.5
20L31A5441,1000201121,Constitution of India,CP,-
20L31A5442,1000201205,Statistics for Data Science-I,B,3
20L31A5442,1005201201,Computer Organization,C,3
20L31A5442,1005201202,Web Design,B,3
20L31A5442,1005201203,Data Structures,B,3
20L31A5442,1005201211,Web Design Lab,A,1.5
20L31A5442,1005201212,Data Structures Lab,A,1.5
20L31A5442,1000201213,Physics of Materials Lab,A,1.5
20L31A5442,1000201214,R Programming for Data Science Lab,O,1.5
20L31A5442,1000201121,Constitution of India,CP,-
20L31A5443,1000201205,Statistics for Data Science-I,A,3
20L31A5443,1005201201,Computer Organization,B,3
20L31A5443,1005201202,Web Design,B,3
20L31A5443,1005201203,Data Structures,B,3
20L31A5443,1005201211,Web Design Lab,A,1.5
20L31A5443,1005201212,Data Structures Lab,A,1.5
20L31A5443,1000201213,Physics of Materials Lab,O,1.5
20L31A5443,1000201214,R Programming for Data Science Lab,A,1.5
20L31A5443,1000201121,Constitution of India,CP,-
20L31A5444,1000201205,Statistics for Data Science-I,O,3
20L31A5444,1005201201,Computer Organization,D,3
20L31A5444,1005201202,Web Design,B,3
20L31A5444,1005201203,Data Structures,A,3
20L31A5444,1005201211,Web Design Lab,A,1.5
20L31A5444,1005201212,Data Structures Lab,A,1.5
20L31A5444,1000201213,Physics of Materials Lab,A,1.5
20L31A5444,1000201214,R Programming for Data Science Lab,A,1.5
20L31A5444,1000201121,Constitution of India,CP,-
20L31A5445,1000201205,Statistics for Data Science-I,D,3
20L31A5445,1005201201,Computer Organization,F,0
20L31A5445,1005201202,Web Design,D,3
20L31A5445,1005201203,Data Structures,D,3
20L31A5445,1005201211,Web Design Lab,C,1.5
20L31A5445,1005201212,Data Structures Lab,B,1.5
20L31A5445,1000201213,Physics of Materials Lab,D,1.5
20L31A5445,1000201214,R Programming for Data Science Lab,A,1.5
20L31A5445,1000201121,Constitution of India,CP,-
20L31A5446,1000201205,Statistics for Data Science-I,F,0
20L31A5446,1005201201,Computer Organization,D,3
20L31A5446,1005201202,Web Design,C,3
20L31A5446,1005201203,Data Structures,C,3
20L31A5446,1005201211,Web Design Lab,A,1.5
20L31A5446,1005201212,Data Structures Lab,C,1.5
Htno,Subcode,Subname,Grade,Credits
20L31A5446,1000201213,Physics of Materials Lab,O,1.5
20L31A5446,1000201214,R Programming for Data Science Lab,A,1.5
20L31A5446,1000201121,Constitution of India,CP,-
20L31A5447,1000201205,Statistics for Data Science-I,A,3
20L31A5447,1005201201,Computer Organization,C,3
20L31A5447,1005201202,Web Design,D,3
20L31A5447,1005201203,Data Structures,B,3
20L31A5447,1005201211,Web Design Lab,A,1.5
20L31A5447,1005201212,Data Structures Lab,B,1.5
20L31A5447,1000201213,Physics of Materials Lab,O,1.5
20L31A5447,1000201214,R Programming for Data Science Lab,A,1.5
20L31A5447,1000201121,Constitution of India,CP,-
20L31A5448,1000201205,Statistics for Data Science-I,F,0
20L31A5448,1005201201,Computer Organization,C,3
20L31A5448,1005201202,Web Design,D,3
20L31A5448,1005201203,Data Structures,D,3
20L31A5448,1005201211,Web Design Lab,B,1.5
20L31A5448,1005201212,Data Structures Lab,C,1.5
20L31A5448,1000201213,Physics of Materials Lab,O,1.5
20L31A5448,1000201214,R Programming for Data Science Lab,A,1.5
20L31A5448,1000201121,Constitution of India,CP,-
20L31A5449,1000201205,Statistics for Data Science-I,B,3
20L31A5449,1005201201,Computer Organization,B,3
20L31A5449,1005201202,Web Design,C,3
20L31A5449,1005201203,Data Structures,C,3
20L31A5449,1005201211,Web Design Lab,B,1.5
20L31A5449,1005201212,Data Structures Lab,B,1.5
20L31A5449,1000201213,Physics of Materials Lab,O,1.5
20L31A5449,1000201214,R Programming for Data Science Lab,A,1.5
20L31A5449,1000201121,Constitution of India,CP,-
20L31A5450,1000201205,Statistics for Data Science-I,O,3
20L31A5450,1005201201,Computer Organization,A,3
20L31A5450,1005201202,Web Design,B,3
20L31A5450,1005201203,Data Structures,A,3
20L31A5450,1005201211,Web Design Lab,O,1.5
20L31A5450,1005201212,Data Structures Lab,A,1.5
20L31A5450,1000201213,Physics of Materials Lab,O,1.5
20L31A5450,1000201214,R Programming for Data Science Lab,A,1.5
20L31A5450,1000201121,Constitution of India,CP,-
20L31A5451,1000201205,Statistics for Data Science-I,C,3
20L31A5451,1005201201,Computer Organization,B,3
20L31A5451,1005201202,Web Design,B,3
20L31A5451,1005201203,Data Structures,B,3
20L31A5451,1005201211,Web Design Lab,O,1.5
20L31A5451,1005201212,Data Structures Lab,B,1.5
20L31A5451,1000201213,Physics of Materials Lab,A,1.5
20L31A5451,1000201214,R Programming for Data Science Lab,A,1.5
20L31A5451,1000201121,Constitution of India,CP,-
20L31A5452,1000201205,Statistics for Data Science-I,O,3
20L31A5452,1005201201,Computer Organization,A,3
20L31A5452,1005201202,Web Design,A,3
Htno,Subcode,Subname,Grade,Credits
20L31A5452,1005201203,Data Structures,A,3
20L31A5452,1005201211,Web Design Lab,O,1.5
20L31A5452,1005201212,Data Structures Lab,A,1.5
20L31A5452,1000201213,Physics of Materials Lab,O,1.5
20L31A5452,1000201214,R Programming for Data Science Lab,A,1.5
20L31A5452,1000201121,Constitution of India,CP,-
20L31A5453,1000201205,Statistics for Data Science-I,D,3
20L31A5453,1005201201,Computer Organization,F,0
20L31A5453,1005201202,Web Design,C,3
20L31A5453,1005201203,Data Structures,C,3
20L31A5453,1005201211,Web Design Lab,A,1.5
20L31A5453,1005201212,Data Structures Lab,B,1.5
20L31A5453,1000201213,Physics of Materials Lab,A,1.5
20L31A5453,1000201214,R Programming for Data Science Lab,A,1.5
20L31A5453,1000201121,Constitution of India,CP,-
20L31A5454,1000201205,Statistics for Data Science-I,O,3
20L31A5454,1005201201,Computer Organization,A,3
20L31A5454,1005201202,Web Design,B,3
20L31A5454,1005201203,Data Structures,A,3
20L31A5454,1005201211,Web Design Lab,O,1.5
20L31A5454,1005201212,Data Structures Lab,O,1.5
20L31A5454,1000201213,Physics of Materials Lab,O,1.5
20L31A5454,1000201214,R Programming for Data Science Lab,A,1.5
20L31A5454,1000201121,Constitution of India,CP,-
20L31A5455,1000201205,Statistics for Data Science-I,O,3
20L31A5455,1005201201,Computer Organization,A,3
20L31A5455,1005201202,Web Design,B,3
20L31A5455,1005201203,Data Structures,A,3
20L31A5455,1005201211,Web Design Lab,O,1.5
20L31A5455,1005201212,Data Structures Lab,A,1.5
20L31A5455,1000201213,Physics of Materials Lab,O,1.5
20L31A5455,1000201214,R Programming for Data Science Lab,A,1.5
20L31A5455,1000201121,Constitution of India,CP,-
20L31A5456,1000201205,Statistics for Data Science-I,F,0
20L31A5456,1005201201,Computer Organization,F,0
20L31A5456,1005201202,Web Design,D,3
20L31A5456,1005201203,Data Structures,F,0
20L31A5456,1005201211,Web Design Lab,A,1.5
20L31A5456,1005201212,Data Structures Lab,C,1.5
20L31A5456,1000201213,Physics of Materials Lab,O,1.5
20L31A5456,1000201214,R Programming for Data Science Lab,A,1.5
20L31A5456,1000201121,Constitution of India,CP,-
20L31A5457,1000201205,Statistics for Data Science-I,O,3
20L31A5457,1005201201,Computer Organization,A,3
20L31A5457,1005201202,Web Design,B,3
20L31A5457,1005201203,Data Structures,B,3
20L31A5457,1005201211,Web Design Lab,O,1.5
20L31A5457,1005201212,Data Structures Lab,B,1.5
20L31A5457,1000201213,Physics of Materials Lab,O,1.5
20L31A5457,1000201214,R Programming for Data Science Lab,O,1.5
20L31A5457,1000201121,Constitution of India,CP,-
Htno,Subcode,Subname,Grade,Credits
20L31A5458,1000201205,Statistics for Data Science-I,O,3
20L31A5458,1005201201,Computer Organization,C,3
20L31A5458,1005201202,Web Design,C,3
20L31A5458,1005201203,Data Structures,A,3
20L31A5458,1005201211,Web Design Lab,O,1.5
20L31A5458,1005201212,Data Structures Lab,B,1.5
20L31A5458,1000201213,Physics of Materials Lab,O,1.5
20L31A5458,1000201214,R Programming for Data Science Lab,A,1.5
20L31A5458,1000201121,Constitution of India,CP,-
20L31A5459,1000201205,Statistics for Data Science-I,C,3
20L31A5459,1005201201,Computer Organization,D,3
20L31A5459,1005201202,Web Design,C,3
20L31A5459,1005201203,Data Structures,B,3
20L31A5459,1005201211,Web Design Lab,A,1.5
20L31A5459,1005201212,Data Structures Lab,B,1.5
20L31A5459,1000201213,Physics of Materials Lab,O,1.5
20L31A5459,1000201214,R Programming for Data Science Lab,A,1.5
20L31A5459,1000201121,Constitution of India,CP,-
20L31A5460,1000201205,Statistics for Data Science-I,A,3
20L31A5460,1005201201,Computer Organization,C,3
20L31A5460,1005201202,Web Design,D,3
20L31A5460,1005201203,Data Structures,B,3
20L31A5460,1005201211,Web Design Lab,A,1.5
20L31A5460,1005201212,Data Structures Lab,O,1.5
20L31A5460,1000201213,Physics of Materials Lab,A,1.5
20L31A5460,1000201214,R Programming for Data Science Lab,O,1.5
20L31A5460,1000201121,Constitution of India,CP,-
20L31A5461,1000201205,Statistics for Data Science-I,B,3
20L31A5461,1005201201,Computer Organization,A,3
20L31A5461,1005201202,Web Design,C,3
20L31A5461,1005201203,Data Structures,A,3
20L31A5461,1005201211,Web Design Lab,O,1.5
20L31A5461,1005201212,Data Structures Lab,A,1.5
20L31A5461,1000201213,Physics of Materials Lab,O,1.5
20L31A5461,1000201214,R Programming for Data Science Lab,O,1.5
20L31A5461,1000201121,Constitution of India,CP,-
20L31A5462,1000201205,Statistics for Data Science-I,A,3
20L31A5462,1005201201,Computer Organization,B,3
20L31A5462,1005201202,Web Design,C,3
20L31A5462,1005201203,Data Structures,A,3
20L31A5462,1005201211,Web Design Lab,O,1.5
20L31A5462,1005201212,Data Structures Lab,A,1.5
20L31A5462,1000201213,Physics of Materials Lab,O,1.5
20L31A5462,1000201214,R Programming for Data Science Lab,A,1.5
20L31A5462,1000201121,Constitution of India,CP,-
20L31A5463,1000201205,Statistics for Data Science-I,A,3
20L31A5463,1005201201,Computer Organization,C,3
20L31A5463,1005201202,Web Design,C,3
20L31A5463,1005201203,Data Structures,A,3
20L31A5463,1005201211,Web Design Lab,O,1.5
20L31A5463,1005201212,Data Structures Lab,C,1.5
Htno,Subcode,Subname,Grade,Credits
20L31A5463,1000201213,Physics of Materials Lab,O,1.5
20L31A5463,1000201214,R Programming for Data Science Lab,A,1.5
20L31A5463,1000201121,Constitution of India,CP,-
20L31A5464,1000201205,Statistics for Data Science-I,O,3
20L31A5464,1005201201,Computer Organization,A,3
20L31A5464,1005201202,Web Design,C,3
20L31A5464,1005201203,Data Structures,A,3
20L31A5464,1005201211,Web Design Lab,O,1.5
20L31A5464,1005201212,Data Structures Lab,B,1.5
20L31A5464,1000201213,Physics of Materials Lab,O,1.5
20L31A5464,1000201214,R Programming for Data Science Lab,A,1.5
20L31A5464,1000201121,Constitution of India,CP,-
